ELITE DENTAL PARTNERS L, Dentist Associate, 141 W Jackson Blvd Suite 210, Chicago IL, 60604
A to Z Dental LLC, Dentist Associate, 3677 Sauk Trail, Richton Park IL, 60471
Oradent Dental Associates, Dentist Associate, 6258 N Lincoln Ave, Chicago IL, 60659
Grand Dental, Dentist Associate, 10020 W Grand Ave, Franklin Park IL, 60131
American Dental Associates Ltd., Dentist Associate, 211 E Chicago Ave, Chicago IL, 60611
Aspen Dental, Dentist Associate, 1114 S Clinton St, Chicago IL, 60607
My Dentist and Associates, Dentist Associate, 2555 W 79th St, Chicago IL, 60652
Midwest Dental Sleep Center, Dentist Associate, 4711 Golf Rd UNIT 413, Skokie IL, 60076
University of Illinois at Chicago, Dentist Associate, 1200 W Harrison St, Chicago IL, 60607
Near North Health Service Corporation, Dentist Associate, 1276 N Clybourn Ave, Chicago IL, 60610
Dental Associates of Alsip, Dentist Associate, 5061 W 111th St, Alsip IL, 60803
Dental Dreams, Dentist Associate, 4039 W North Ave, Chicago IL, 60639
Dental Dreams, Dentist Associate, 2254 S Cicero Ave, Cicero IL, 60804
Chawla Orthodontics Pediatric Dentistry Oral Surgery, Dentist Associate, 519 N Cass Ave Ste 401, Westmont IL, 60559
All Star Dental, Dentist Associate, 2316 W Madison St #2228, Chicago IL, 60612
Jeffrey P. Feffer DDS MPH, Dentist Associate, 561 W Diversey Pkwy #203, Chicago IL, 60614
Modern Dental, Dentist Associate, 2037 W Division St, Chicago IL, 60622
Lakefront Dental Spa, Dentist Associate, 111 N Wabash Ave #1522, Chicago IL, 60602
Affordable Dentures & Implants, Dentist Associate, 2700 N Narragansett Ave Suite F-3, Chicago IL, 60639
Smile Clinic, Dentist Associate, 2833 N Milwaukee Ave, Chicago IL, 60618
Great Lakes Dental Partners, Dentist Associate, 70 E Lake St Ste 1100, Chicago IL, 60601
Healthy Smiles of La Grange, Dentist Associate, 1400 W 47th St STE 7, La Grange IL, 60525
Confidential - Privately-Owned Dental Practice, Dentist Associate, 111 N Wabash Ave STE 2103, Chicago IL, 60602
Affordable Dentures & Implants, Dentist Associate, 106 Hansen Blvd, North Aurora IL, 60542
Confidential, Dentist Associate, Confidential, Chicago IL, 60656
Advocate Aurora Health, Dentist Associate, 151 N State St, Chicago IL, 60601
Martinez Family Dental, Dentist Associate, 4308 W 26th St, Chicago IL, 60623
Westwyn Dental, Dentist Associate, 3216 Kenilworth Ave, Berwyn IL, 60402
Destiny Dental, Dentist Associate, 712 E 87th St, Chicago IL, 60619
Dental Salon Chicago, Dentist Associate, 939 W North Ave #890, Chicago IL, 60642
VIP Dental Lounge, Dentist Associate, 5120 W Irving Park Rd, Chicago IL, 60641
Mark A. Santucci DDS, Dentist Associate, 227 W Monroe St, Chicago IL, 60606
Bright smile family dental, Dentist Associate, 12601 Western Ave, Blue Island IL, 60406
Secure Dental, Dentist Associate, 3540 N Ashland Ave, Chicago IL, 60657
Barton Associates, Dentist Associate, 103 N Madison St, Pittsfield IL, 62363
1st Family Dental & Midwest Orthodontics, Dentist Associate, 206 W Division St, Chicago IL, 60610
Great Lakes Dental Partners, Dentist Associate, 70 E Lake St Ste 1100, Chicago IL, 60601
